tool	solver_tc4_st 	solver_tc4_st 	solver_tc4_st 	solver_tc4_st 
run set	0	0	0	0
	status	cputime (s)	walltime (s)	memory (MB)
rat575.tsp	done	0.3456709	0.3675212459966133	5.324800
u724.tsp	done	0.5278907	0.5438906420022249	5.296128
pr1002.tsp	done	1.1824623	1.2118562920004479	5.304320
u1432.tsp	done	1.3607407	1.3933715190032672	5.320704
u1817.tsp	done	2.6631186	2.7169194310008606	5.324800
