tool	solver_tc2_matrix 	solver_tc2_matrix 	solver_tc2_matrix 	solver_tc2_matrix 
run set	0	0	0	0
	status	cputime (s)	walltime (s)	memory (MB)
rat575.tsp	done	0.0641957	0.08342590100073721	6.389760
u724.tsp	done	0.0957317	0.1059055339974293	7.176192
pr1002.tsp	done	0.2016558	0.21417806600220501	9.129984
u1432.tsp	done	0.2785073	0.29249071000231197	13.357056
u1817.tsp	done	0.5390355	0.5578961020000861	18.337792
