tool	solver_tc2_euc 	solver_tc2_euc 	solver_tc2_euc 	solver_tc2_euc 
run set	0	0	0	0
	status	cputime (s)	walltime (s)	memory (MB)
rat575.tsp	done	0.3432923	0.3608289160001732	5.320704
u724.tsp	done	0.5205181	0.5373777049971977	5.324800
pr1002.tsp	done	1.2030023	1.2301655900009791	5.328896
u1432.tsp	done	1.3393691	1.3681590449996293	5.296128
u1817.tsp	done	2.6893084	2.7455452359972696	5.296128
