tool	solver_tc1_copy 	solver_tc1_copy 	solver_tc1_copy 	solver_tc1_copy 
run set	0	0	0	0
	status	cputime (s)	walltime (s)	memory (MB)
rat575.tsp	done	0.3381869	0.35973200000080396	5.320704
u724.tsp	done	0.5431814	0.5611548630004108	5.300224
pr1002.tsp	done	1.1847024	1.2162951419995807	5.296128
u1432.tsp	done	1.3496139	1.38569381400157	5.300224
u1817.tsp	done	2.6646016	2.7264250430016546	5.320704
