tool	solver_tc4_mt 	solver_tc4_mt 	solver_tc4_mt 	solver_tc4_mt 
run set	0	0	0	0
	status	cputime (s)	walltime (s)	memory (MB)
rat575.tsp	done	5.6246064	1.4426764089985227	5.980160
u724.tsp	done	79.4798444	20.222108126999956	5.890048
pr1002.tsp	done	46.8443811	11.920672238000407	6.115328
u1432.tsp	done	52.5246046	13.36913826899763	6.139904
u1817.tsp	done	141.6933295	36.03544488100306	6.135808
