tool	solver_tc4_st 	solver_tc4_st 	solver_tc4_st 	solver_tc4_st 
run set	0	0	0	0
	status	cputime (s)	walltime (s)	memory (MB)
rat575.tsp	done	0.3439669	0.35760379700150224	5.361664
u724.tsp	done	0.5341676	0.5506664600034128	5.222400
pr1002.tsp	done	1.1824895	1.211067586002173	5.226496
u1432.tsp	done	1.3373302	1.368305899999541	5.357568
u1817.tsp	done	2.6973296	2.7532841860011104	5.435392
