tool	solver_tc1_copy 	solver_tc1_copy 	solver_tc1_copy 	solver_tc1_copy 
run set	0	0	0	0
	status	cputime (s)	walltime (s)	memory (MB)
u2319.tsp	done	3.5648918	3.6435752769975807	5.304320
fl3795.tsp	done	86.7669943	88.21453067000039	5.431296
rl5915.tsp	done	62.930422	63.985155618000135	5.562368
pla7397.tsp	done	80.7853329	82.13590116399791	5.582848
brd14051.tsp	done	306.951028	311.9680814810017	5.705728
