tool	solver_tc1_functions 	solver_tc1_functions 	solver_tc1_functions 	solver_tc1_functions 
run set	0	0	0	0
	status	cputime (s)	walltime (s)	memory (MB)
u2319.tsp	done	3.743796	3.822150378000515	5.296128
fl3795.tsp	done	89.3600248	90.80858063900087	5.459968
rl5915.tsp	done	65.25589	66.30940396700316	5.562368
pla7397.tsp	done	80.4419229	81.74004901399894	5.582848
brd14051.tsp	done	320.1071131	325.2936974030017	5.709824
