tool	solver_tc2_matrix 	solver_tc2_matrix 	solver_tc2_matrix 	solver_tc2_matrix 
run set	0	0	0	0
	status	cputime (s)	walltime (s)	memory (MB)
u2319.tsp	done	0.8047828	0.8437627989987959	26.722304
fl3795.tsp	done	14.2819122	14.50382563400126	63.004672
rl5915.tsp	done	13.8848763	14.114208130002226	145.846272
pla7397.tsp	done	17.0907298	17.370986059002462	224.899072
brd14051.tsp	done	85.9857543	87.37098407699887	799.498240
