tool	solver_tc2_euc 	solver_tc2_euc 	solver_tc2_euc 	solver_tc2_euc 
run set	0	0	0	0
	status	cputime (s)	walltime (s)	memory (MB)
u2319.tsp	done	3.5651084	3.6402080020016	5.296128
fl3795.tsp	done	87.7376013	89.16027658299936	5.431296
rl5915.tsp	done	64.9866732	66.04696397400039	5.537792
pla7397.tsp	done	87.0301359	88.42534714200156	5.533696
brd14051.tsp	done	302.1109092	306.89669330499964	5.804032
