tool	solver_tc4_st 	solver_tc4_st 	solver_tc4_st 	solver_tc4_st 
run set	0	0	0	0
	status	cputime (s)	walltime (s)	memory (MB)
u2319.tsp	done	3.5252331	3.5434871030001887	5.431296
fl3795.tsp	done	85.6651631	85.68784402900019	5.451776
rl5915.tsp	done	62.1536138	62.17152484899998	5.562368
pla7397.tsp	done	79.527577	79.54490951900061	5.533696
brd14051.tsp	done	303.4007524	303.41127576100007	5.799936
