tool	solver_tc4_st 	solver_tc4_st 	solver_tc4_st 	solver_tc4_st 
run set	0	0	0	0
	status	cputime (s)	walltime (s)	memory (MB)
u2319.tsp	done	3.5329716	3.547554690000652	5.423104
fl3795.tsp	done	86.0361137	86.03080902399961	5.455872
rl5915.tsp	done	62.6392344	62.653713795999465	5.484544
pla7397.tsp	done	79.1716899	79.2131424979998	5.599232
brd14051.tsp	done	304.5772024	304.5516338180005	5.783552
