tool	solver_tc4_mt 	solver_tc4_mt 	solver_tc4_mt 	solver_tc4_mt 
run set	0	0	0	0
	status	cputime (s)	walltime (s)	memory (MB)
eil51.tsp	done	0.0276533	0.029046711999399122	5.988352
pr144.tsp	done	0.1282706	0.04504551900026854	5.984256
ts225.tsp	done	0.4311571	0.12321570899803191	5.877760
pr439.tsp	done	3.4110923	0.8743204299971694	5.988352
d493.tsp	done	29.9044867	7.610448178998922	5.885952
