tool	solver_tc4_st 	solver_tc4_st 	solver_tc4_st 	solver_tc4_st 
run set	0	0	0	0
	status	cputime (s)	walltime (s)	memory (MB)
eil51.tsp	done	0.007946	0.03263726699879044	5.181440
pr144.tsp	done	0.0227691	0.04114142899925355	5.308416
ts225.tsp	done	0.0556161	0.07344503199783503	5.173248
pr439.tsp	done	0.193032	0.20532707100210246	5.189632
d493.tsp	done	0.2616256	0.2775388970003405	5.300224
