tool	solver_tc4_st 	solver_tc4_st 	solver_tc4_st 	solver_tc4_st 
run set	0	0	0	0
	status	cputime (s)	walltime (s)	memory (MB)
eil51.tsp	done	0.0079371	0.01616687700152397	5.259264
pr144.tsp	done	0.023097	0.031690992997027934	5.304320
ts225.tsp	done	0.0578184	0.06615807300113374	5.259264
pr439.tsp	done	0.1976439	0.20820347200060496	5.251072
d493.tsp	done	0.248526	0.2597644719971868	5.246976
