tool	solver_tc2_euc 	solver_tc2_euc 	solver_tc2_euc 	solver_tc2_euc 
run set	0	0	0	0
	status	cputime (s)	walltime (s)	memory (MB)
eil51.tsp	done	0.0077653	0.019534303002728848	5.173248
pr144.tsp	done	0.0245889	0.03506987400032813	5.255168
ts225.tsp	done	0.0542218	0.06368275099885068	5.169152
pr439.tsp	done	0.2042706	0.21919167099986225	5.193728
d493.tsp	done	0.2531637	0.2651838259989745	5.320704
