tool	solver_tc2_matrix 	solver_tc2_matrix 	solver_tc2_matrix 	solver_tc2_matrix 
run set	0	0	0	0
	status	cputime (s)	walltime (s)	memory (MB)
eil51.tsp	done	0.0063172	0.023955474000104005	5.210112
pr144.tsp	done	0.009198	0.017270936001295922	5.345280
ts225.tsp	done	0.0140914	0.021652405001077568	5.390336
pr439.tsp	done	0.0389245	0.04840205400250852	5.734400
d493.tsp	done	0.0467323	0.055608934999327175	6.017024
